Number of Nodes,Time(seconds)
5,0.000121
6,0.000119
10,0.000662
20,0.00022
20,0.00065
40,0.00028
50,0.00041
50,0.000666
100,0.010732
100,0.010194
250,0.000998
250,0.01853
500,0.00466
500,0.154434
1000,0.020669
1000,0.722431
1000,4.28326
2000,0.043689
2000,0.672215
3000,0.031117
3000,0.996907
5000,0.187918
5000,65.232
7500,0.409605
7500,13.1984